Headline,Source
Muharrem İnce: Devlet intikamla yönetilmez,Habertürk
AK Parti Sözcüsü Ünal'dan Muharrem İnce'ye yanıt,TRT Haber
İnce'den Erdoğan'a: Sattıklarının hesabını ver,Diken
“Devlet intikam ve rövanşla yönetilmez”,Dünya Gazetesi
"CHP Cumhurbaşkanı Adayı Muharrem İnce, Denizli Bozkurt'ta halka sesledi",TRT Haber
"İnce: Adayın biri hapiste diğerleri propaganda yapıyor, bu doğru değil (6)",CNN Türk
CHP'nin cumhurbaşkanı adayı Muharrem İnce: Terör nereden gelirse gelsin mücadele edeceğiz,Anadolu Ajansı
Muharrem İnce Denizli'de miting yaptı,İhlas Haber Ajansı
AK Parti'den İnce-Akşener ittifakı açıklaması,Haber7.com
İnce: Herkesin cumhurbaşkanı olacağım,Vatan
"İnce: Adayın biri hapiste diğerleri propaganda yapıyor, bu doğru değil (2)",Hürriyet
AK Parti Sözcüsü Ünal'dan Muharrem İnce'ye cevap!,Milliyet
İnce: İki konuda size söz veriyorum,Habertürk
"Cumhurbaşkanı adayı İnce: ""Ben zora talibim, huzur getireceğim""",Habertürk
"İnce: Adayın biri hapiste, diğerleri propaganda yapıyor, bu doğru değil (3)",CNN Türk
Muharrem İnce'den miting selfiesi,T24
Muharrem İnce: Memlekete huzur gelecek,ntv.com.tr
Muharrem İnce kukla aday mı?,Takvim
"Cumhurbaşkanı adayı İnce, 50 ilde miting yapacak",Memurlar
Muharrem İnce Denizli'de konuştu: 'Elhamdülillah biz de Müslümanız',CNN Türk
CHP'nin Cumhurbaşkanı adayı İnce'den ekonomiye ilişkin Kemal Sunal filmleri benzetmesi:,İhlas Haber Ajansı
CHP'li İnce'den HDP ile ittifaka yeşil ışık,Ahaber
İşte Muharrem İnce'nin mal varlığı!,Yeni Akit Gazetesi
İnce'den Ekonomiye İlişkin Kemal Sunal Filmi Benzetmesi,Beyaz Gazete
"Muharrem İnce, 50 ilde miting yapacak, 19 Mayıs'ta Samsun'da olacak",Sputnik Türkiye
"Muharrem İnce, Erdoğan'ı yuhalayan kalabalığa böyle müdahale etti",Cumhuriyet (Mizah) (Basın Bildirisi) (Blog)
'Ezan okunuyor' diyen vatandaşlar İnce'yi susturdu,Memurlar
Denizli Mitinginde Muharrem İnce'nin Esprisine Gülünmedi,Haberler.com
Muharrem İnce hakkında 19 Mayıs detayı!,Erzurum Güncel
Muharrem İnce Denizli'de konuştu: Herkes telefonundan canlı yayına geçsin,BBC Türkçe
Muharrem İnce'nin Akşener'le ilgili sözleri sonrası CHP'liler isyanda,Akşam
İnce'den 'Erdoğan'ı yargılayacak mısın' sorusuna yanıt,Internet Haber
Muharrem İnce: Çobanlık yaptığım günleri hiç unutmuyorum,Posta
"İnce ""Akşener'e yardımcı olurum"" sözüne açıklık getirdi",ntv.com.tr
"Muharrem İnce: O 'çöp yığını' desin, ben 'kuantum' diyeceğim",Mynet Haber
"Muharrem İnce, HDP'nin ittifakta yer almamasını değerlendirdi",TRT Haber
Muharrem İnce'den Erdoğan'a cevap,YeniÇağ
"Muharrem İnce ""İkinci tura başka bir aday kalırsa desteklerim""",Kanal B
"CHP'nin Cumhurbaşkanlığı Adayı İnce: ""İkinci Tura Başkası Kalırsa, Ben Yardımcısı Olurum""",Haberler.com
Muharrem İnce'den Erdoğan'a: O küfretsin ben uzay diyeceğim,Cumhuriyet (Mizah) (Basın Bildirisi) (Blog)
"AK Parti'den İnce'nin ""Akşener'in yardımcısı olurum"" sözlerine ilk yorum",Yeni Akit Gazetesi
CHP'nin Cumhurbaşkanı Adayı İnce: Birlik ve bütünlük içerisinde batıya kafa tutabiliriz,TRT Haber
Ezan Okunuyor' Diyen Vatandaşlar İnce'yi Susturdu,Haberler.com
"""Seçilirsem bisiklete bineceğim"" diyen Muharrem makam aracından hiç inmemiş",Güneş
CHP'nin cumhurbaşkanı adayı Muharrem'den 'Ezan' çarkı,Güneş
Halk Arenası - Muharrem İnce Uğur Dündar'ın Karşısına Gelince...,Milliyet
Muharrem İnce'den olay sözler: Erdoğan'ın yüzüne söyledim!,Mynet Haber
Ünal'dan İnce'ye cevap: Daha baştan 'başkan yardımcılığı'nı konuşmak doğru değil,Sputnik Türkiye
Muharrem İnce'ye manidar hediye,Yeni Akit Gazetesi
Muharrem İnce'den duygu sömürüsü: Çobanlık yaptığım günleri unutamıyorum,Yeni Akit Gazetesi
"CHP'nin cumhurbaşkanı adayı İnce, HDP ile ittifaka yeşil ışık yaktı",Akşam
Muharrem İnce'nin 'ezan' çarkı,Haber7.com
"Muharrem İnce: Bir olacağız, iri olacağız, diri olacağız",Yeni Asır
CHP'nin cumhurbaşkanı adayı İnce: Siyasetin nasıl şekilleneceğini bilemeyiz,Anadolu Ajansı
Muharrem İnce 50 miting yapacak,Timeturk
CHP'de isyan! İnce'nin sözleri kriz çıkarttı,Haber7.com
"İnce: Erdoğan'ı yargılamak benim işim değil, mahkemelerin işi",Birgün Gazetesi (Basın Bildirisi)
Muharrem İnce'den Roboski çıkışı,Cumhuriyet (Mizah) (Basın Bildirisi) (Blog)
CHP'nin cumhurbaşkanı adayı Muharrem İnce Rize'de konuştu,Ahaber
Muharrem İnce'den HDP'ye yeşil ışık!,Yeni Akit Gazetesi
CHP'nin cumhurbaşkanı adayı İnce'nin miting programı belli oldu,Bursa Hakimiyet Gazetesi
"İnce, Denizlili tekstilciye teşvik müjdesi verdi",Denizli Haber
Uğur Dündar ve Muharrem İnce'nin ezan şaşkınlığı,Türkiye
İnce'den mitinge ezan arası Haberi,beyazgazete
İmam Hatiplere laf eden İnce'ye ÖNDER'den bomba cevap,Yeni Akit Gazetesi
CHP'de isyan! Muharrem İnce'nin sözleri kriz çıkarttı,Yeni Akit Gazetesi
İnce “Akşener beni yardımcısı yaparsa onu desteklerim” sözüne açıklık getirdi,Gazete Karınca
Muharrem İnce Bozkurt'ta güneş enerjisi santralini açtı,Denizli Haber
Kılıçdaroğlu oyunu Akşener'e mi verecek!,Yeni Asır
Muharrem İnce'ye Cumhurbaşkanlığı forsu hediye edildi,Ensonhaber
İmam Hatiplilerden Muharrem İnce'ye davet!,SuperHaber.tv
"'3. köprüyü Erdoğan yaptı, 4. köprüyü de İnce yapar'",soL Haber Portalı
MUHARREM İNCE ÇINAR'DA HALKI SELAMLADI,http://www.denizliyeniolay.com/ (Basın Bildirisi)
AK Parti Sözcüsü Mahir Ünal: Siyasal olarak mümkün değil,Az Önce Oldu
Muharrem İnce Denizli'de konuşuyor,ABC Gazetesi (Basın Bildirisi)
İnce: Erdoğan çöp desin ben kuantum diyeceğim,Medya Faresi
Meral Akşener'den Muharrem İnce'ye cevap,Yeni Akit Gazetesi
Muharrem İnce'nin sözleri CHP'de kriz çıkardı!,SuperHaber.tv
Türkiye değişimin eşiğinde,ABC Gazetesi (Basın Bildirisi)
''Erdoğan'ı yargılamak mahkemenin işi'',Manşet Haber
İnce'nin yeni vaadi! 'Atatürk'ün mezarını açtıracağım',Yeni Akit Gazetesi
"Muharrem İnce, Trabzon'a son anda miting koydu",Günebakış
Muharrem İnce Afyon ve Denizli'de,Sözcü
"İnce: Demirtaş, Kürt diye 'Bırak ne olursa olsun mu diyeceğiz?'",Hürhaber
Muharrem İnce: Demirtaş Kürt diye bırak ona ne olursa olsun mu diyeceğiz?,soL Haber Portalı
Cumhurbaşkanı Adayı Muharrem İnce'den HDP Açıklaması!,Kamupersoneli.net
İnce: Erdoğan'ı yargılamak benim değil mahkemelerin işi,Sputnik Türkiye
Erdoğan'ın 2014'te açıklanan mal varlığı,Demokrat Haber (Basın Bildirisi) (Blog)
"İnce'den, Akşener'e destek sözlerine, açıklama getirdi",Gazete2023 (Basın Bildirisi)
İnce'den Erdoğan'a; Sizden mi öğreneceğiz Müslümanlığı?,Yurt Gazetesi (Mizah) (Basın Bildirisi) (Blog)
Muharrem İnce 50 ilde miting yapacak,Yurt Gazetesi (Mizah) (Basın Bildirisi) (Blog)
"Muharrem İnce, hangi ilde ne zaman miting yapacak?",Son haberler
"Akşener'den ekonomiyle yüklendiği Erdoğan'a: Sıkıldık, gerçekten bıktık",Kent Gazetesi
"Muharrem İnce: Sözleşmeli Öğretmenlik ve Mülakat ile Atama Kalkacak,Performans Sistemi Olmayacak",Kamupersoneli.net
Cumhurbaşkanı adayı İnce: Dördüncü köprüyü de İnce yapar,"Yeni Alanya Gazetesi.ALANYANIN HABER SİTESİ, DİM MEDYA,"
"Öztabak: ""Muharrem İnce'nin Yalova'da karşılığı yok""",İhlas Haber Ajansı
"İnce, Akşener'e yardımcı olurum sözüne açıklık getirdi",Medya Faresi
İnce'den çarpıcı Akşener yorumu!,Haber Aktuel
"Muharrem İnce 'Yardımcısı olurum' demişti, Meral Akşener'den cevap geldi",Timeturk
"İnce'den ""Akşener'e yardımcı olurum"" sözüne ilişkin açıklama",Birgün Gazetesi (Basın Bildirisi)
Akşener'den İnce'ye ikinci tur yanıtı,"Yeni Alanya Gazetesi.ALANYANIN HABER SİTESİ, DİM MEDYA,"
Erdoğan'ın mal varlığı ne kadar? İşte Cumhurbaşkanı Erdoğan'ın son açıklanan mal varlığı,Mavi Kocaeli
"""Siyasetin nasıl şekilleneceğini bilemeyiz""",Önce Vatan Gazetesi
'TAYYİP ERDOĞAN'I YARGILAMAK BENİM İŞİM DEĞİL',http://www.denizliyeniolay.com/ (Basın Bildirisi)
Cumhurbaşkanı adayı İnce'den flaş seçim açıklaması!,Van Haber Merkezi
Muharrem İnce: Sözleşmeli öğretmenlik kalkacak,Mynet Haber
Ezan Okunmaya Başlayınca Açıklama Yapmak Zorunda Kaldılar,Haber365
'Memleket derdindeyiz',Hürriyet
Muharrem İnce'den flaş açıklamalar: Akşener beni yardımcısı yaparsa olurum,Kocaeli Gazetesi (Basın Bildirisi)
Karadeniz'den izlenimler: 'Bundan sonra Reis'e oy yok',Cumhuriyet (Mizah) (Basın Bildirisi) (Blog)
Muharrem İnce: Başka Adayı Desteklerim,Haber365
İşte Muharrem İnce'nin hayran kaldığı o kent,Mavi Kocaeli
Akşener'den İsterse Yardımcısı Olurum Diyen CHP Adayı İnce'ye Cevap!,Mavi Kocaeli
CHP'NİN ADAYLARI BELLİ OLACAK,Edirne Gazetesi (Basın Bildirisi)
İnce: Devlet intikamla yönetilmez,Az Önce Oldu
İnce'den ekonomiye ilişkin Kemal Sunal filmi benzetmesi,sondakikaturk.com.tr
Muharrem İnce'nin katıldığı canlı yayın programında ezan tartışması!,Mynet Haber
Akşener'den İnce'ye: O gün geldiğinde görüşeceğim,Kocaeli Barış Gazetesi (Mizah) (Basın Bildirisi) (Blog)
Muharrem İnce: Erdoğan'ın mal varlığını açıklamasını bekliyorum,Demokrat Haber (Basın Bildirisi) (Blog)
Sözleşmeli Öğretmenlik Ve Mülakat Kalkacak,Kamuajans
İnce'ye destek yok,Sabah
MUHARREM İNCE BUGÜN DENİZLİ'DE,Denizli Pamukkale Haber News
'İnce'lemelik,Takvim
"'Her eve iş, her aileye ev'",Milliyet
Akşener'den İnce'ye cevap! Yardımcısı yapar mı?,Haber Vaktim
"Erdoğan'a 'Mal varlığını açıkla' diyen İnce, vaatlerini sıraladı",Diken
İnce'den TV kanallarına tepki: Kapılarının önünde miting yapacağım,Cumhuriyet (Mizah) (Basın Bildirisi) (Blog)
Hangisi kelek atar?,Akşam
"Muharrem İnce: “Cumhurbaşkanı tektir, bir grubu olmaz”",Ekomonitör - Ekonomi Haberleri (Basın Bildirisi)
"Muharrem İnce: ""Bizim çılgın projemiz huzur, onların ki hafriyat""",sondakikaturk.com.tr
'BARIŞMAYA İHTİYACIMIZ VAR',Güneydoğu Güncel
Cumhurbaşkanı adayının televizyon programına büyük katılım,Odatv
"Akşener'den ""İsterse Yardımcısı Olurum"" Diyen CHP Adayı İnce'ye Cevap!",Haberler.com
Muharrem İnce'den '4. köprü' sözü,Dünya Gazetesi
CHP'nin cumhurbaşkanı adayı İnce: Türkiye'nin sorunları eğitimle çözülür,Anadolu Ajansı
“Dördüncü köprüyü İnce yapar”,Tr Haberler
"Akşener, Muharrem İnce'ye cevap verdi",Dünya Gazetesi
Akşener'den İnce'nin o sözlerine cevap,Internet Haber
Muharrem İnce: Şu Kemal abi ilginç adam,beyazgazete
Halk Arenası 20 bin kişiyle rekor kırdı: Muharrem İnce: Diktatörler mizah sevmezler,Medya Faresi
'Beni yardımcısı yaparsa olurum',Anadolu Ajansı
"'Teknoloji, bilim ve uygarlık lazım bize'",Yeni Akit Gazetesi
Görüntülü )cumhurbaşkanı Adayı İnce: Dördüncü Köprüyü de İnce Yapar,Haberler.com
Muharrem İnce: Akşener beni yardımcısı yaparsa olurum,ntv.com.tr
Muharrem İnce: Diktatörler mizah sevmezler,sondakikaturk.com.tr
Akşener'den İnce'ye yanıt: O gün geldiğinde kendisiyle muhakkak görüşeceğim,Sputnik Türkiye
Meral Akşener'den Muharrem İnce'ye yanıt,Cumhuriyet (Mizah) (Basın Bildirisi) (Blog)
Muharrem İnce'nin gözlerinin dolduğu an!,Halkın Habercisi
Cumhurbaşkanı adayı Muharrem İnce: Sözleşmeli öğretmenlik kalkacak,Sözcü
Meral Akşener ve Muharrem İnce hakkında olay yaratacak iddia!,Mynet Haber
Muharrem İnce: Akşener'in yardımcısı olurum,TRT Haber
CHP'nin Cumhurbaşkanı Adayı Muharrem İnce: Sözleşmeli Öğretmenlik Kalkacak,Kamupersoneli.net
Muharrem İnce: Cumhurbaşkanı olursam Atatürk'ün mezarını açtıracağım,beyazgazete
Muharrem İnce: 'Akşener beni yardımcısı yaparsa olurum',İhlas Haber Ajansı
İnce'den 'Akşener ikinci tura kalırsa?' sorusuna yanıt,BloombergHT
'81 milyonu barıştıracağız',Yeni Mesaj
Akşener: Muharrem İnce'nin bir bildiği vardır,Habertürk
Muharrem İnce'den 4. köprü sözü,Yeni Akit Gazetesi
Muharrem İnce: Yönetenler kötü yönetiyor ve çalıyor.. CANLI YAYIN,Mavi Kocaeli
"CHP'nin adayı Muharrem İnce, rakibi Meral Akşener 2. tura kalırsa ne yapacağını açıkladı",ntv.com.tr
"İnce'nin yapacaklar listesi, Erdoğan'a mal varlığı ve diploma göndermesi",ABC Gazetesi (Basın Bildirisi)
Kötü bir taklit olarak İnce'nin siyaseti,STAR
Akşener İnce'ye açık kapı bıraktı!,Yeni Akit Gazetesi
"İnce, Akşener ikinci tura kalırsa ne yapacağını açıkladı",Dünya Gazetesi
"Muharrem İnce: Bizim çılgın projemiz huzur, hafriyat değil",Gerçek Gündem
İnce: Ekonomik kriz kapıda bekliyor,BusinessHT
"Muharrem İnce: Akşener beni yardımcısı yaparsa olurum, biz memleket derdindeyiz",Milli Gazete
"Muharrem İnce: 'Cumhurbaşkanı tektir, tek olan şey bir grubun olmaz' - ANTALYA",beyazgazete
"Cumhurbaşkanı adayı Muharrem İnce: ""Meral Akşener beni yardımcısı yaparsa olurum""",İhlas Haber Ajansı
"CHP'nin cumhurbaşkanı adayı İnce, Rize'de",Memleket
Akşener'den İnce'ye ikinci tur cevabı,Karar.com
"Cumhurbaşkanı adayı İnce: Biz kazanacağız, Türkiyem kazanacak...",Yurt Gazetesi (Mizah) (Basın Bildirisi) (Blog)
Muharrem İnce: Akşener beni yardımcısı yaparsa olurum/Ek fotoğraflar,Hürriyet
Muharrem İnce: Geç kardeşim bu işleri geç!,Cumhuriyet (Mizah) (Basın Bildirisi) (Blog)
İnce: Akşener için çalışırım,Yeni Asya
İnce'nin sözlerine Akşener'den yanıt,YeniÇağ
İnce mitinglerde en çok etkilendiği kenti açıkladı,Gerçek Gündem
"Akşener'den ""Beni yardımcısı yaparsa destek olurum"" diyen Muharrem İnce'ye yanıt",Haberdar.com
"Akşener: İnce zeki bir siyasetçidir, bir bildiği vardır",iyi günler
Muharrem İnce: Erdoğan'ın selamını da getirdim,Medya Faresi
"""2.Tura Akşener Kalırsa Destekler misiniz"" Sorusuna İnce'den Yanıt: Otobüsüne Biner, Oy İsterim",Haberler.com
Muharrem İnce: İkinci tura kalan Meral Akşener olursa...,Timeturk
Meral Akşener'den Muharrem İnce'ye cevap! İkinci tura kalırsa görev verecek mi?,Mynet Haber
Meral Akşener'den beni yardımcısı yaparsa destek olurum diyen Muharrem İnce'ye ilginç yanıt,Medya Faresi
İşte Muharrem İnce'nin bahsettiği film…,Sözcü
Çok bilinmeyenli seçimlerin sürprizleri,Ahaber
İnce: Akşener beni yardımcısı yaparsa olurum...,Internet Haber
"""Türkiye'nin sorunları eğitimle çözülür""",Önce Vatan Gazetesi
Cumhurbaşkanı adayı İnce'nin mitinginde provakasyon,Yurt Gazetesi (Mizah) (Basın Bildirisi) (Blog)
Meral Akşener ve Muharrem İnce hakkında olay sözler: Ankara'da İsrail gizli servisi yeni kumpaslar hazırlıyor,Milli Gazete
CHP'li İnce: Türkiye'yi normalleştireceğiz,Internet Haber
Muharrem İnce: Yardımcısı yaparsa olurum,Ulusal Kanal (Mizah) (Basın Bildirisi) (Blog)
Muharrem İnce'den üniversite öğrencilerine 500 TL sözü,A24
"""Beni Yardımcısı Yaparsa Olurum""",Milliyet
"""Beni Yardımcısı Yaparsa Çalışırım” Diyen İnce'ye Jet Cevap",Guncel724
CHP'nin cumhurbaşkanı adayı İnce Antalya'da:,Habertürk
ÖNDER'den Cumhurbaşkanı adayı Muharrem İnce'ye İmam Hatip daveti,Yeni Akit Gazetesi
Muharrem İnce: ''Meral Akşener'e destek verip yardımcısı olurum'',Haber3.com
Muharrem İnce'den Meral Akşner sorusuna yanıt,Cumhuriyet (Mizah) (Basın Bildirisi) (Blog)
"Muharrem İnce: ""Çılgın Projem huzur""",BÖLGE GÜNDEM GAZETESİ
"Muharrem İnce: 'Teknoloji, bilim ve uygarlık lazım bize'",Karar.com
Muharrem İnce'den Meral Akşener'e destek: Beni yardımcısı yaparsa...,Yeni Akit Gazetesi
"Muharrem İnce'den Meral Akşener'e destek ""Beni yardımcısı yaparsa olurum""",F5HABER
Muharrem İnce mitinginde Erdoğan pankartı açtılar; ortalık karıştı !,Haber3.com
Muharrem İnce ekonomi formülünü ilk kez açıkladı,Az Önce Oldu
Cumhurbaşkanı adayı Muharrem İnce Rize'de çay bahçesine girip çay topladı,Et Tavuk Piyasası
İnce yarışın başında yardımcılığa talip,Akşam
"Son Dakika Haber İnce: Adayın biri hapiste diğerleri propaganda yapıyor, bu doğru değil (6)",Haber Detayları
Cumhurbaşkanı adayı Muharrem İnce'nin Rize mitinginde gerginlik,İhlas Haber Ajansı
Muharrem İnce'den 'Meral Akşener' Açıklaması 'Yarımdıcısı Yaparsa Olurum',KPSS CAFE
Türkiye'nin sorunları eğitimle çözülür,OGUNHaber
Muharrem İnce'nin Açıkla Çağrısından Sonra herkes merak ediyordu! İşte o rakamlar,Ulusal Post
"İnce, Meral Akşener sorusuna böyle cevap verdi",Yeni Akit Gazetesi
"Muharrem İnce: Akşener, beni yardımcısı yaparsa olurum; öyle bir kompleksim yok",Ocak Medya (Basın Bildirisi) (Blog)
"Muharrem İnce: Bu TAMAM çok fena geldi, SIKILDINIZ mı?",Demokrat Haber (Basın Bildirisi) (Blog)
Muharrem İnce'den yanıt: 'İkinci tura Meral Akşener kalırsa ne yapacak?',Haberin Adresi
Meral Akşener'den Yardımcısı Olmak İsteyen İnce'ye Yanıt!,Bolu 7/24 Ulusal Haber
"Akşener, İnce'den daha çok oy alabilir mi?",Posta
'Türkiye'nin Sorunları Eğitimle Çözülür',İnternet Medya (Basın Bildirisi)
İnce: Akşener beni yardımcısı yaparsa ikinci turda onu desteklerim,Gazete Karınca
Rize'de AK Partili'lerden Muharrem İnce'ye provokasyon,İndigo Dergisi
"Muharrem İnce Trabzon'da: Bu iş oldu, tamam!",Açık Gazete
Muharrem İnce mi yoksa Erdoğan mı kazandı? Ahmet Hakan yazdı,Mynet Haber
Son Dakika Haberler Muharrem İnce: “Dördüncü Köprüyü İnce Yapar”,Haber Manolya (Basın Bildirisi) (Blog)
Muharrem İnce Meral Akşener'i geri plana düşürdü iddiası!,Internet Haber
Meral Akşener'den İnce'ye yanıt: Muharrem İnce'nin bir bildiği vardır,Az Önce Oldu
"Meral Akşener'den ""Beni yardımcısı yaparsa destek olurum"" diyen Muharrem İnce'ye yanıt",T24
